"""Disco Clam"" Lights Up To Scare Predators Away",http://rss.slashdot.org/~r/Slashdot/slashdot/~3/Zwwbe8OhPR8/story01.htm,"sciencehabit writes When predators get close, the bright, orange-lipped ""disco clam"" flashes them to scare them off. But it's not just the light that's important. Researchers have found that the clam has sulfur in its fleshy lips and tentacles and suspect that, like another clam species that drop tentacles laden with sulfuric acid to deter predators, the disco clam's sulfur also gets converted into a distasteful substance. The flashing may warn predators away, similar to the bright orange of a monarch butterfly warning birds of its toxic taste.<p><div class=""share_submission"" style=""position:relative;""> <a class=""slashpop"" href=""http://twitter.com/home?status=%22Disco+Clam%22+Lights+Up+To+Scare+Predators+Away%3A+http%3A%2F%2Fbit.ly%2F14oLDvV""><img src=""http://a.fsdn.com/sd/twitter_icon_large.png""></a> <a class=""slashpop"" href=""http://www.facebook.com/sharer.php?u=http%3A%2F%2Fscience.slashdot.org%2Fstory%2F15%2F01%2F05%2F0128243%2Fdisco-clam-lights-up-to-scare-predators-away%3Futm_source%3Dslashdot%26utm_medium%3Dfacebook""><img src=""http://a.fsdn.com/sd/facebook_icon_large.png""></a> <a class=""nobg"" href=""http://plus.google.com/share?url=http://science.slashdot.org/story/15/01/05/0128243/disco-clam-lights-up-to-scare-predators-away?utm_source=slashdot&amp;utm_medium=googleplus"" onclick=""javascript:window.open(this.href,'', 'menubar=no,toolbar=no,resizable=yes,scrollbars=yes,height=600,width=600');return false;""><img src=""http://www.gstatic.com/images/icons/gplus-16.png"" alt=""Share on Google+""/></a> </div></p><p><a href=""http://science.slashdot.org/story/15/01/05/0128243/disco-clam-lights-up-to-scare-predators-away?utm_source=rss1.0moreanon&amp;utm_medium=feed"">Read more of this story</a> at Slashdot.</p><iframe src=""http://slashdot.org/slashdot-it.pl?op=discuss&amp;id=6624325&amp;smallembed=1"" style=""height: 300px; width: 100%; border: none;""></iframe><img width='1' height='1' src='http://slashdot.feedsportal.com/c/35028/f/647410/s/420246c5/sc/32/mf.gif' border='0'/><br clear='all'/><br/><br/><a href=""http://da.feedsportal.com/r/216443478160/u/49/f/647410/c/35028/s/420246c5/sc/32/rc/1/rc.htm"" rel=""nofollow""><img src=""http://da.feedsportal.com/r/216443478160/u/49/f/647410/c/35028/s/420246c5/sc/32/rc/1/rc.img"" border=""0""/></a><br/><a href=""http://da.feedsportal.com/r/216443478160/u/49/f/647410/c/35028/s/420246c5/sc/32/rc/2/rc.htm"" rel=""nofollow""><img src=""http://da.feedsportal.com/r/216443478160/u/49/f/647410/c/35028/s/420246c5/sc/32/rc/2/rc.img"" border=""0""/></a><br/><a href=""http://da.feedsportal.com/r/216443478160/u/49/f/647410/c/35028/s/420246c5/sc/32/rc/3/rc.htm"" rel=""nofollow""><img src=""http://da.feedsportal.com/r/216443478160/u/49/f/647410/c/35028/s/420246c5/sc/32/rc/3/rc.img"" border=""0""/></a><br/><br/><a href=""http://da.feedsportal.com/r/216443478160/u/49/f/647410/c/35028/s/420246c5/sc/32/a2.htm""><img src=""http://da.feedsportal.com/r/216443478160/u/49/f/647410/c/35028/s/420246c5/sc/32/a2.img"" border=""0""/></a><img width=""1"" height=""1"" src=""http://pi.feedsportal.com/r/216443478160/u/49/f/647410/c/35028/s/420246c5/sc/32/a2t.img"" border=""0""/><img src=""//feeds.feedburner.com/~r/Slashdot/slashdot/~4/Zwwbe8OhPR8"" height=""1"" width=""1"" alt=""""/>"
Ancient Planes and Other Claims Spark Controversy at Indian Science Congress,http://rss.slashdot.org/~r/Slashdot/slashdot/~3/rK1uqj4A88I/story01.htm,"An anonymous reader writes A paper presented at the 102nd Indian Science Congress on Sunday claims that Indians had mastered aviation thousands of years before the Wright brothers. India's science and technology minister Mr. Harsh Vardhan who was present at the conference claimed that ancient Indian mathematicians discovered the Pythagorean theorem but that the Greeks got the credit. These startling claims come just a few days after prime minister Narendra Modi had called Lord Ganesha who is part elephant and part human, a product of ancient India's knowledge of plastic surgery.<p><div class=""share_submission"" style=""position:relative;""> <a class=""slashpop"" href=""http://twitter.com/home?status=Ancient+Planes+and+Other+Claims+Spark+Controversy+at+Indian+Science+Congress%3A+http%3A%2F%2Fbit.ly%2F1vSc9DE""><img src=""http://a.fsdn.com/sd/twitter_icon_large.png""></a> <a class=""slashpop"" href=""http://www.facebook.com/sharer.php?u=http%3A%2F%2Fscience.slashdot.org%2Fstory%2F15%2F01%2F05%2F0313208%2Fancient-planes-and-other-claims-spark-controversy-at-indian-science-congress%3Futm_source%3Dslashdot%26utm_medium%3Dfacebook""><img src=""http://a.fsdn.com/sd/facebook_icon_large.png""></a> <a class=""nobg"" href=""http://plus.google.com/share?url=http://science.slashdot.org/story/15/01/05/0313208/ancient-planes-and-other-claims-spark-controversy-at-indian-science-congress?utm_source=slashdot&amp;utm_medium=googleplus"" onclick=""javascript:window.open(this.href,'', 'menubar=no,toolbar=no,resizable=yes,scrollbars=yes,height=600,width=600');return false;""><img src=""http://www.gstatic.com/images/icons/gplus-16.png"" alt=""Share on Google+""/></a> </div></p><p><a href=""http://science.slashdot.org/story/15/01/05/0313208/ancient-planes-and-other-claims-spark-controversy-at-indian-science-congress?utm_source=rss1.0moreanon&amp;utm_medium=feed"">Read more of this story</a> at Slashdot.</p><iframe src=""http://slashdot.org/slashdot-it.pl?op=discuss&amp;id=6625293&amp;smallembed=1"" style=""height: 300px; width: 100%; border: none;""></iframe><img width='1' height='1' src='http://slashdot.feedsportal.com/c/35028/f/647410/s/4203e697/sc/38/mf.gif' border='0'/><br clear='all'/><br/><br/><a href=""http://da.feedsportal.com/r/216443484132/u/49/f/647410/c/35028/s/4203e697/sc/38/rc/1/rc.htm"" rel=""nofollow""><img src=""http://da.feedsportal.com/r/216443484132/u/49/f/647410/c/35028/s/4203e697/sc/38/rc/1/rc.img"" border=""0""/></a><br/><a href=""http://da.feedsportal.com/r/216443484132/u/49/f/647410/c/35028/s/4203e697/sc/38/rc/2/rc.htm"" rel=""nofollow""><img src=""http://da.feedsportal.com/r/216443484132/u/49/f/647410/c/35028/s/4203e697/sc/38/rc/2/rc.img"" border=""0""/></a><br/><a href=""http://da.feedsportal.com/r/216443484132/u/49/f/647410/c/35028/s/4203e697/sc/38/rc/3/rc.htm"" rel=""nofollow""><img src=""http://da.feedsportal.com/r/216443484132/u/49/f/647410/c/35028/s/4203e697/sc/38/rc/3/rc.img"" border=""0""/></a><br/><br/><a href=""http://da.feedsportal.com/r/216443484132/u/49/f/647410/c/35028/s/4203e697/sc/38/a2.htm""><img src=""http://da.feedsportal.com/r/216443484132/u/49/f/647410/c/35028/s/4203e697/sc/38/a2.img"" border=""0""/></a><img width=""1"" height=""1"" src=""http://pi.feedsportal.com/r/216443484132/u/49/f/647410/c/35028/s/4203e697/sc/38/a2t.img"" border=""0""/><img src=""//feeds.feedburner.com/~r/Slashdot/slashdot/~4/rK1uqj4A88I"" height=""1"" width=""1"" alt=""""/>"
"Bitstamp Bitcoin Exchange Suspended Due To ""Compromised Wallet""",http://rss.slashdot.org/~r/Slashdot/slashdot/~3/qo7NOL4oJJQ/story01.htm,"twitnutttt writes Customers of Bistamp, the successor (until recently) to MtGox as the highest-volume dollar-denominated Bitcoin exchange, and still the preferred source of trading data for many technical analysts, sent an email at about 4:00 UTC today warning that, ""Today our transaction processing server detected problems with our hot wallet and stopped processing withdrawals."" They also instructed users to stop sending any deposits immediately or they may be lost. The Bitstamp website has now also suspended all exchange/trading services, and the homepage contains only a maintenance message warning users of a ""compromised"" wallet. Numerous references to security imply that this is a hacking attack, but Bitstamp reassures that they maintain ""more than enough offline reserves to cover the compromised bitcoins.""<p><div class=""share_submission"" style=""position:relative;""> <a class=""slashpop"" href=""http://twitter.com/home?status=+Bitstamp+Bitcoin+Exchange+Suspended+Due+To+%22Compromised+Wallet%22%3A+http%3A%2F%2Fbit.ly%2F1tJUIuW""><img src=""http://a.fsdn.com/sd/twitter_icon_large.png""></a> <a class=""slashpop"" href=""http://www.facebook.com/sharer.php?u=http%3A%2F%2Fit.slashdot.org%2Fstory%2F15%2F01%2F05%2F1513202%2Fbitstamp-bitcoin-exchange-suspended-due-to-compromised-wallet%3Futm_source%3Dslashdot%26utm_medium%3Dfacebook""><img src=""http://a.fsdn.com/sd/facebook_icon_large.png""></a> <a class=""nobg"" href=""http://plus.google.com/share?url=http://it.slashdot.org/story/15/01/05/1513202/bitstamp-bitcoin-exchange-suspended-due-to-compromised-wallet?utm_source=slashdot&amp;utm_medium=googleplus"" onclick=""javascript:window.open(this.href,'', 'menubar=no,toolbar=no,resizable=yes,scrollbars=yes,height=600,width=600');return false;""><img src=""http://www.gstatic.com/images/icons/gplus-16.png"" alt=""Share on Google+""/></a> </div></p><p><a href=""http://it.slashdot.org/story/15/01/05/1513202/bitstamp-bitcoin-exchange-suspended-due-to-compromised-wallet?utm_source=rss1.0moreanon&amp;utm_medium=feed"">Read more of this story</a> at Slashdot.</p><iframe src=""http://slashdot.org/slashdot-it.pl?op=discuss&amp;id=6634795&amp;smallembed=1"" style=""height: 300px; width: 100%; border: none;""></iframe><img width='1' height='1' src='http://slashdot.feedsportal.com/c/35028/f/647410/s/4204e358/sc/4/mf.gif' border='0'/><br clear='all'/><br/><br/><a href=""http://da.feedsportal.com/r/216443499278/u/49/f/647410/c/35028/s/4204e358/sc/4/rc/1/rc.htm"" rel=""nofollow""><img src=""http://da.feedsportal.com/r/216443499278/u/49/f/647410/c/35028/s/4204e358/sc/4/rc/1/rc.img"" border=""0""/></a><br/><a href=""http://da.feedsportal.com/r/216443499278/u/49/f/647410/c/35028/s/4204e358/sc/4/rc/2/rc.htm"" rel=""nofollow""><img src=""http://da.feedsportal.com/r/216443499278/u/49/f/647410/c/35028/s/4204e358/sc/4/rc/2/rc.img"" border=""0""/></a><br/><a href=""http://da.feedsportal.com/r/216443499278/u/49/f/647410/c/35028/s/4204e358/sc/4/rc/3/rc.htm"" rel=""nofollow""><img src=""http://da.feedsportal.com/r/216443499278/u/49/f/647410/c/35028/s/4204e358/sc/4/rc/3/rc.img"" border=""0""/></a><br/><br/><a href=""http://da.feedsportal.com/r/216443499278/u/49/f/647410/c/35028/s/4204e358/sc/4/a2.htm""><img src=""http://da.feedsportal.com/r/216443499278/u/49/f/647410/c/35028/s/4204e358/sc/4/a2.img"" border=""0""/></a><img width=""1"" height=""1"" src=""http://pi.feedsportal.com/r/216443499278/u/49/f/647410/c/35028/s/4204e358/sc/4/a2t.img"" border=""0""/><img src=""//feeds.feedburner.com/~r/Slashdot/slashdot/~4/qo7NOL4oJJQ"" height=""1"" width=""1"" alt=""""/>"
Check Out NASA’s New ‘Spinning Lasso’ Spacecraft (TIME),http://news.feedzilla.com/en_us/stories/science/413721266?client_source=api&format=json,"The spacecraft can tell scientists how dramatic droughts will be

"
Coordinates: A Neuroscience Lab Ponders the Purpose of Its Research (NY Times),http://news.feedzilla.com/en_us/stories/science/413793766?client_source=api&format=json,"In 2012, Ann Lam and Elan Ohayon founded the Green Neuroscience Laboratory.
The focus is on using environmentally clean methods and looking at the reasons
behind an assignment.







"
Dish Introduces $20-a-Month Streaming-TV Service,http://rss.slashdot.org/~r/Slashdot/slashdot/~3/9bdaGnRLKn0/story01.htm,"wyattstorch516 writes ""Dish Networks has unveiled Sling TV, its streaming service for customers who don't want to subscribe to Cable or Satellite. From the article: ""For $20 a month &mdash; yes, twenty dollars &mdash; you get access to a lineup of cable networks that includes TNT, TBS, CNN, Food Network, HGTV, Cartoon Network, Adult Swim, the Disney Channel, ESPN, and ESPN2. ESPN is obviously a huge get for Dish and could earn Sling TV plenty of customers all on its own. ESPN just ended another year as TV's leading cable network, and now you won't need a traditional cable package to watch it. For sports fanatics, that could prove enticing. But Dish has hinted that there may be limits on watching ESPN on mobile thanks to red tape from existing deals between the network and Verizon.""<p><div class=""share_submission"" style=""position:relative;""> <a class=""slashpop"" href=""http://twitter.com/home?status=Dish+Introduces+%2420-a-Month+Streaming-TV+Service%3A+http%3A%2F%2Fbit.ly%2F1ytwGVV""><img src=""http://a.fsdn.com/sd/twitter_icon_large.png""></a> <a class=""slashpop"" href=""http://www.facebook.com/sharer.php?u=http%3A%2F%2Fentertainment.slashdot.org%2Fstory%2F15%2F01%2F05%2F2115219%2Fdish-introduces-20-a-month-streaming-tv-service%3Futm_source%3Dslashdot%26utm_medium%3Dfacebook""><img src=""http://a.fsdn.com/sd/facebook_icon_large.png""></a> <a class=""nobg"" href=""http://plus.google.com/share?url=http://entertainment.slashdot.org/story/15/01/05/2115219/dish-introduces-20-a-month-streaming-tv-service?utm_source=slashdot&amp;utm_medium=googleplus"" onclick=""javascript:window.open(this.href,'', 'menubar=no,toolbar=no,resizable=yes,scrollbars=yes,height=600,width=600');return false;""><img src=""http://www.gstatic.com/images/icons/gplus-16.png"" alt=""Share on Google+""/></a> </div></p><p><a href=""http://entertainment.slashdot.org/story/15/01/05/2115219/dish-introduces-20-a-month-streaming-tv-service?utm_source=rss1.0moreanon&amp;utm_medium=feed"">Read more of this story</a> at Slashdot.</p><iframe src=""http://slashdot.org/slashdot-it.pl?op=discuss&amp;id=6636221&amp;smallembed=1"" style=""height: 300px; width: 100%; border: none;""></iframe><img width='1' height='1' src='http://slashdot.feedsportal.com/c/35028/f/647410/s/420776b9/sc/21/mf.gif' border='0'/><br clear='all'/><br/><br/><a href=""http://da.feedsportal.com/r/216443496498/u/49/f/647410/c/35028/s/420776b9/sc/21/rc/1/rc.htm"" rel=""nofollow""><img src=""http://da.feedsportal.com/r/216443496498/u/49/f/647410/c/35028/s/420776b9/sc/21/rc/1/rc.img"" border=""0""/></a><br/><a href=""http://da.feedsportal.com/r/216443496498/u/49/f/647410/c/35028/s/420776b9/sc/21/rc/2/rc.htm"" rel=""nofollow""><img src=""http://da.feedsportal.com/r/216443496498/u/49/f/647410/c/35028/s/420776b9/sc/21/rc/2/rc.img"" border=""0""/></a><br/><a href=""http://da.feedsportal.com/r/216443496498/u/49/f/647410/c/35028/s/420776b9/sc/21/rc/3/rc.htm"" rel=""nofollow""><img src=""http://da.feedsportal.com/r/216443496498/u/49/f/647410/c/35028/s/420776b9/sc/21/rc/3/rc.img"" border=""0""/></a><br/><br/><a href=""http://da.feedsportal.com/r/216443496498/u/49/f/647410/c/35028/s/420776b9/sc/21/a2.htm""><img src=""http://da.feedsportal.com/r/216443496498/u/49/f/647410/c/35028/s/420776b9/sc/21/a2.img"" border=""0""/></a><img width=""1"" height=""1"" src=""http://pi.feedsportal.com/r/216443496498/u/49/f/647410/c/35028/s/420776b9/sc/21/a2t.img"" border=""0""/><img src=""//feeds.feedburner.com/~r/Slashdot/slashdot/~4/9bdaGnRLKn0"" height=""1"" width=""1"" alt=""""/>"
Ebola Wipes Out Every Mother in Liberian Village (bioethicscom),http://news.feedzilla.com/en_us/stories/science/413762791?client_source=api&format=json,"(The Telegraph) - For 11-year-old Montgomery Philip, childhood is over. Six
months ago he would have been playing football with his schoolmates, but now
his job is to care for his 10-monthold baby brother Jenkie. The pair are both
victims … Read More

"
Endangered Madagascar lemurs illegally kept as pets may threaten species conservation and survival (Eurekalert),http://news.feedzilla.com/en_us/stories/science/413752840?client_source=api&format=json,"An estimated 28,000 lemurs, the world's most endangered primates, have been
illegally kept as pets in urban areas of Madagascar over the past three years,
possibly threatening conservation efforts and hastening the extinction of some
of lemur species.

"
FCC Revamps Customer Complaint System,http://rss.slashdot.org/~r/Slashdot/slashdot/~3/MyrFnYqnJT4/story01.htm,"blottsie writes The FCC has heard your complaints, and it's finally going to make it easier to file more complaints. The Federal Communications Commission on Monday announced the launch of its Consumer Help Center, which according to a press release will feature a ""streamlined, user-friendly complaint filing system,"" the ""ability for consumers to monitor complaints, 24 hours a day, 7 days a week,"" and ""faster delivery of complaints to service providers, enabling them to respond to consumers sooner.""<p><div class=""share_submission"" style=""position:relative;""> <a class=""slashpop"" href=""http://twitter.com/home?status=FCC+Revamps+Customer+Complaint+System%3A+http%3A%2F%2Fbit.ly%2F1tKdQJa""><img src=""http://a.fsdn.com/sd/twitter_icon_large.png""></a> <a class=""slashpop"" href=""http://www.facebook.com/sharer.php?u=http%3A%2F%2Fyro.slashdot.org%2Fstory%2F15%2F01%2F05%2F2034259%2Ffcc-revamps-customer-complaint-system%3Futm_source%3Dslashdot%26utm_medium%3Dfacebook""><img src=""http://a.fsdn.com/sd/facebook_icon_large.png""></a> <a class=""nobg"" href=""http://plus.google.com/share?url=http://yro.slashdot.org/story/15/01/05/2034259/fcc-revamps-customer-complaint-system?utm_source=slashdot&amp;utm_medium=googleplus"" onclick=""javascript:window.open(this.href,'', 'menubar=no,toolbar=no,resizable=yes,scrollbars=yes,height=600,width=600');return false;""><img src=""http://www.gstatic.com/images/icons/gplus-16.png"" alt=""Share on Google+""/></a> </div></p><p><a href=""http://yro.slashdot.org/story/15/01/05/2034259/fcc-revamps-customer-complaint-system?utm_source=rss1.0moreanon&amp;utm_medium=feed"">Read more of this story</a> at Slashdot.</p><iframe src=""http://slashdot.org/slashdot-it.pl?op=discuss&amp;id=6636145&amp;smallembed=1"" style=""height: 300px; width: 100%; border: none;""></iframe><img width='1' height='1' src='http://slashdot.feedsportal.com/c/35028/f/647410/s/4206db1d/sc/36/mf.gif' border='0'/><br clear='all'/><br/><br/><a href=""http://da.feedsportal.com/r/216443498650/u/49/f/647410/c/35028/s/4206db1d/sc/36/rc/1/rc.htm"" rel=""nofollow""><img src=""http://da.feedsportal.com/r/216443498650/u/49/f/647410/c/35028/s/4206db1d/sc/36/rc/1/rc.img"" border=""0""/></a><br/><a href=""http://da.feedsportal.com/r/216443498650/u/49/f/647410/c/35028/s/4206db1d/sc/36/rc/2/rc.htm"" rel=""nofollow""><img src=""http://da.feedsportal.com/r/216443498650/u/49/f/647410/c/35028/s/4206db1d/sc/36/rc/2/rc.img"" border=""0""/></a><br/><a href=""http://da.feedsportal.com/r/216443498650/u/49/f/647410/c/35028/s/4206db1d/sc/36/rc/3/rc.htm"" rel=""nofollow""><img src=""http://da.feedsportal.com/r/216443498650/u/49/f/647410/c/35028/s/4206db1d/sc/36/rc/3/rc.img"" border=""0""/></a><br/><br/><a href=""http://da.feedsportal.com/r/216443498650/u/49/f/647410/c/35028/s/4206db1d/sc/36/a2.htm""><img src=""http://da.feedsportal.com/r/216443498650/u/49/f/647410/c/35028/s/4206db1d/sc/36/a2.img"" border=""0""/></a><img width=""1"" height=""1"" src=""http://pi.feedsportal.com/r/216443498650/u/49/f/647410/c/35028/s/4206db1d/sc/36/a2t.img"" border=""0""/><img src=""//feeds.feedburner.com/~r/Slashdot/slashdot/~4/MyrFnYqnJT4"" height=""1"" width=""1"" alt=""""/>"
Finnish Bank OP Under Persistent DDoS Attack,http://rss.slashdot.org/~r/Slashdot/slashdot/~3/QMk-vZykkhc/story01.htm,"An anonymous reader writes The Finnish bank OP Pohjola Group has been a target of a dedicated DDoS attack for days. The attack, which investigators said was launched from both Finland and abroad, began on New Year's Eve. OP was forced to open a helpline for customers unable to confirm payments or transfer money because of jammed systems. On Saturday the firm said it would compensate people for any losses or late payment fees incurred as a result of attack. On Sunday morning the bank tweeted that its services were operating normally and even customers based outside Finland were able to access their accounts &mdash; and that it was still monitoring traffic carefully to try and ward off any renewed strikes. However, on Sunday afternoon further denial of service attacks took place delaying payments and preventing access to banking services for OP customers. A formal police complaint has been filed and OP says that KRP is looking into the case.<p><div class=""share_submission"" style=""position:relative;""> <a class=""slashpop"" href=""http://twitter.com/home?status=Finnish+Bank+OP+Under+Persistent+DDoS+Attack%3A+http%3A%2F%2Fbit.ly%2F1rW5vRu""><img src=""http://a.fsdn.com/sd/twitter_icon_large.png""></a> <a class=""slashpop"" href=""http://www.facebook.com/sharer.php?u=http%3A%2F%2Fit.slashdot.org%2Fstory%2F15%2F01%2F04%2F2252230%2Ffinnish-bank-op-under-persistent-ddos-attack%3Futm_source%3Dslashdot%26utm_medium%3Dfacebook""><img src=""http://a.fsdn.com/sd/facebook_icon_large.png""></a> <a class=""nobg"" href=""http://plus.google.com/share?url=http://it.slashdot.org/story/15/01/04/2252230/finnish-bank-op-under-persistent-ddos-attack?utm_source=slashdot&amp;utm_medium=googleplus"" onclick=""javascript:window.open(this.href,'', 'menubar=no,toolbar=no,resizable=yes,scrollbars=yes,height=600,width=600');return false;""><img src=""http://www.gstatic.com/images/icons/gplus-16.png"" alt=""Share on Google+""/></a> </div></p><p><a href=""http://it.slashdot.org/story/15/01/04/2252230/finnish-bank-op-under-persistent-ddos-attack?utm_source=rss1.0moreanon&amp;utm_medium=feed"">Read more of this story</a> at Slashdot.</p><iframe src=""http://slashdot.org/slashdot-it.pl?op=discuss&amp;id=6622867&amp;smallembed=1"" style=""height: 300px; width: 100%; border: none;""></iframe><img width='1' height='1' src='http://slashdot.feedsportal.com/c/35028/f/647410/s/420107ac/sc/8/mf.gif' border='0'/><br clear='all'/><br/><br/><a href=""http://da.feedsportal.com/r/216443471857/u/49/f/647410/c/35028/s/420107ac/sc/8/rc/1/rc.htm"" rel=""nofollow""><img src=""http://da.feedsportal.com/r/216443471857/u/49/f/647410/c/35028/s/420107ac/sc/8/rc/1/rc.img"" border=""0""/></a><br/><a href=""http://da.feedsportal.com/r/216443471857/u/49/f/647410/c/35028/s/420107ac/sc/8/rc/2/rc.htm"" rel=""nofollow""><img src=""http://da.feedsportal.com/r/216443471857/u/49/f/647410/c/35028/s/420107ac/sc/8/rc/2/rc.img"" border=""0""/></a><br/><a href=""http://da.feedsportal.com/r/216443471857/u/49/f/647410/c/35028/s/420107ac/sc/8/rc/3/rc.htm"" rel=""nofollow""><img src=""http://da.feedsportal.com/r/216443471857/u/49/f/647410/c/35028/s/420107ac/sc/8/rc/3/rc.img"" border=""0""/></a><br/><br/><a href=""http://da.feedsportal.com/r/216443471857/u/49/f/647410/c/35028/s/420107ac/sc/8/a2.htm""><img src=""http://da.feedsportal.com/r/216443471857/u/49/f/647410/c/35028/s/420107ac/sc/8/a2.img"" border=""0""/></a><img width=""1"" height=""1"" src=""http://pi.feedsportal.com/r/216443471857/u/49/f/647410/c/35028/s/420107ac/sc/8/a2t.img"" border=""0""/><img src=""//feeds.feedburner.com/~r/Slashdot/slashdot/~4/QMk-vZykkhc"" height=""1"" width=""1"" alt=""""/>"
"For Energy Storage, MXene Materials Show Increasing Promise (pubs.acs)",http://news.feedzilla.com/en_us/stories/science/413656834?client_source=api&format=json,"Recently discovered family of 2-D materials could one day yield high-
performance batteries, flexible electronics, and more

"
GOP Agenda Promises Worst Attack on Environmental Protections in Decades (climateark),http://news.feedzilla.com/en_us/stories/science/413752581?client_source=api&format=json,"EcoWatch: Last year, it often seemed like we were fighting attacks on the
environment from all sides. But those of us pushing back against pollution and
climate change enjoyed some significant victories in 2014, including the
People’s Climate March in New York in September—said to be the largest
environmental march in history—the dimming prospects for drilling in the
Arctic, and of course, the fracking ban in New York state. 2015 is shaping up
to be a year of even bigger environmental battles, with a new...

"
HMC opens dedicated supportive and palliative care unit at the National Center for Cancer Care and Research (AME ),http://news.feedzilla.com/en_us/stories/science/413407660?client_source=api&format=json,"Hamad Medical Corporation (HMC) has announced the opening of their new 10-bed
supportive and palliativecare unit (SPCU) at the National Center for Cancer
Care and Research (NCCCR). Hanan Al Kuwari PhD, HMC’s Managing Director, who
officially opened the unit, explained that this was a very important milestone
in the journey of transformation for cancer services. […]

"
How Long Will It Take Streaming To Dominate the Music Business?,http://rss.slashdot.org/~r/Slashdot/slashdot/~3/slGmwTh8Jjw/story01.htm,"journovampire writes with this story about the booming music streaming business. ""Streaming is on course to make more money for the U.S. music business than downloads and physical sales combined within the next three years. The U.S. appears poised for streaming to become its most valuable music format in either 2016 or 2017, according to MBW forecasts &ndash; so long as you include SoundExchange royalties generated by digital radio platforms like Pandora alongside subscription and ad-supported platforms like Spotify. But in the other three biggest recorded music markets in the world &ndash; France, Germany and Japan &ndash; the public appears more hesitant to allow streaming to take over.""<p><div class=""share_submission"" style=""position:relative;""> <a class=""slashpop"" href=""http://twitter.com/home?status=How+Long+Will+It+Take+Streaming+To+Dominate+the+Music+Business%3F%3A+http%3A%2F%2Fbit.ly%2F1xLjI6g""><img src=""http://a.fsdn.com/sd/twitter_icon_large.png""></a> <a class=""slashpop"" href=""http://www.facebook.com/sharer.php?u=http%3A%2F%2Fentertainment.slashdot.org%2Fstory%2F15%2F01%2F05%2F195246%2Fhow-long-will-it-take-streaming-to-dominate-the-music-business%3Futm_source%3Dslashdot%26utm_medium%3Dfacebook""><img src=""http://a.fsdn.com/sd/facebook_icon_large.png""></a> <a class=""nobg"" href=""http://plus.google.com/share?url=http://entertainment.slashdot.org/story/15/01/05/195246/how-long-will-it-take-streaming-to-dominate-the-music-business?utm_source=slashdot&amp;utm_medium=googleplus"" onclick=""javascript:window.open(this.href,'', 'menubar=no,toolbar=no,resizable=yes,scrollbars=yes,height=600,width=600');return false;""><img src=""http://www.gstatic.com/images/icons/gplus-16.png"" alt=""Share on Google+""/></a> </div></p><p><a href=""http://entertainment.slashdot.org/story/15/01/05/195246/how-long-will-it-take-streaming-to-dominate-the-music-business?utm_source=rss1.0moreanon&amp;utm_medium=feed"">Read more of this story</a> at Slashdot.</p><iframe src=""http://slashdot.org/slashdot-it.pl?op=discuss&amp;id=6635887&amp;smallembed=1"" style=""height: 300px; width: 100%; border: none;""></iframe><img width='1' height='1' src='http://slashdot.feedsportal.com/c/35028/f/647410/s/42071d74/sc/36/mf.gif' border='0'/><br clear='all'/><br/><br/><a href=""http://da.feedsportal.com/r/216443555013/u/49/f/647410/c/35028/s/42071d74/sc/36/rc/1/rc.htm"" rel=""nofollow""><img src=""http://da.feedsportal.com/r/216443555013/u/49/f/647410/c/35028/s/42071d74/sc/36/rc/1/rc.img"" border=""0""/></a><br/><a href=""http://da.feedsportal.com/r/216443555013/u/49/f/647410/c/35028/s/42071d74/sc/36/rc/2/rc.htm"" rel=""nofollow""><img src=""http://da.feedsportal.com/r/216443555013/u/49/f/647410/c/35028/s/42071d74/sc/36/rc/2/rc.img"" border=""0""/></a><br/><a href=""http://da.feedsportal.com/r/216443555013/u/49/f/647410/c/35028/s/42071d74/sc/36/rc/3/rc.htm"" rel=""nofollow""><img src=""http://da.feedsportal.com/r/216443555013/u/49/f/647410/c/35028/s/42071d74/sc/36/rc/3/rc.img"" border=""0""/></a><br/><br/><a href=""http://da.feedsportal.com/r/216443555013/u/49/f/647410/c/35028/s/42071d74/sc/36/a2.htm""><img src=""http://da.feedsportal.com/r/216443555013/u/49/f/647410/c/35028/s/42071d74/sc/36/a2.img"" border=""0""/></a><img width=""1"" height=""1"" src=""http://pi.feedsportal.com/r/216443555013/u/49/f/647410/c/35028/s/42071d74/sc/36/a2t.img"" border=""0""/><img src=""//feeds.feedburner.com/~r/Slashdot/slashdot/~4/slGmwTh8Jjw"" height=""1"" width=""1"" alt=""""/>"
How to age gracefully? Ask a bowhead whale (reuters),http://news.feedzilla.com/en_us/stories/science/413802437?client_source=api&format=json,"WASHINGTON (Reuters) - To learn the secret behind aging gracefully, you may
want to check out the bowhead whale, the majestic denizen of the Arctic waters
that boasts a lifespan topping 200 years.

"
"In Daring Plan, Tomorrow SpaceX To Land a Rocket On Floating Platform",http://rss.slashdot.org/~r/Slashdot/slashdot/~3/ageOWXQZR24/story01.htm,"HughPickens.com writes ""The cost of getting to orbit is exorbitant, because the rocket, with its multimillion-dollar engines, ends up as trash in the ocean after one launching, something Elon Musk likens to throwing away a 747 jet after a single transcontinental flight. That's why tomorrow morning at 620 am his company hopes to upend the economics of space travel in a daring plan by attempting to land the first stage of a Falcon 9 rocket intact on a floating platform, 300 feet long and 170 feet wide in the Atlantic Ocean. SpaceX has attempted similar maneuvers on three earlier Falcon 9 flights, and on the second and third attempts, the rocket slowed to a hover before splashing into the water. ""We've been able to soft-land the rocket booster in the ocean twice so far,"" says Musk. ""Unfortunately, it sort of sat there for several seconds, then tipped over and exploded. It's quite difficult to reuse at that point."" After the booster falls away and the second stage continues pushing the payload to orbit, its engines will reignite to turn it around and guide it to a spot about 200 miles east of Jacksonville, Florida. Musk puts the chances of success at 50 percent or less but over the dozen or so flights scheduled for this year, ""I think it's quite likely, 80 to 90 percent likely, that one of those flights will be able to land and refly."" SpaceX will offer its own launch webcast on the company's website beginning at 6 a.m. If SpaceX's gamble succeeds, the company plans to reuse the rocket stage on a later flight. ""Reusability is the critical breakthrough needed in rocketry to take things to the next level."" SpaceX announced the plan in December.<p><div class=""share_submission"" style=""position:relative;""> <a class=""slashpop"" href=""http://twitter.com/home?status=In+Daring+Plan%2C+Tomorrow+SpaceX+To+Land+a+Rocket+On+Floating+Platform%3A+http%3A%2F%2Fbit.ly%2F14pYT3o""><img src=""http://a.fsdn.com/sd/twitter_icon_large.png""></a> <a class=""slashpop"" href=""http://www.facebook.com/sharer.php?u=http%3A%2F%2Fscience.slashdot.org%2Fstory%2F15%2F01%2F05%2F172259%2Fin-daring-plan-tomorrow-spacex-to-land-a-rocket-on-floating-platform%3Futm_source%3Dslashdot%26utm_medium%3Dfacebook""><img src=""http://a.fsdn.com/sd/facebook_icon_large.png""></a> <a class=""nobg"" href=""http://plus.google.com/share?url=http://science.slashdot.org/story/15/01/05/172259/in-daring-plan-tomorrow-spacex-to-land-a-rocket-on-floating-platform?utm_source=slashdot&amp;utm_medium=googleplus"" onclick=""javascript:window.open(this.href,'', 'menubar=no,toolbar=no,resizable=yes,scrollbars=yes,height=600,width=600');return false;""><img src=""http://www.gstatic.com/images/icons/gplus-16.png"" alt=""Share on Google+""/></a> </div></p><p><a href=""http://science.slashdot.org/story/15/01/05/172259/in-daring-plan-tomorrow-spacex-to-land-a-rocket-on-floating-platform?utm_source=rss1.0moreanon&amp;utm_medium=feed"">Read more of this story</a> at Slashdot.</p><iframe src=""http://slashdot.org/slashdot-it.pl?op=discuss&amp;id=6635389&amp;smallembed=1"" style=""height: 300px; width: 100%; border: none;""></iframe><img width='1' height='1' src='http://slashdot.feedsportal.com/c/35028/f/647410/s/42065f07/sc/36/mf.gif' border='0'/><br clear='all'/><br/><br/><a href=""http://da.feedsportal.com/r/216443490911/u/49/f/647410/c/35028/s/42065f07/sc/36/rc/1/rc.htm"" rel=""nofollow""><img src=""http://da.feedsportal.com/r/216443490911/u/49/f/647410/c/35028/s/42065f07/sc/36/rc/1/rc.img"" border=""0""/></a><br/><a href=""http://da.feedsportal.com/r/216443490911/u/49/f/647410/c/35028/s/42065f07/sc/36/rc/2/rc.htm"" rel=""nofollow""><img src=""http://da.feedsportal.com/r/216443490911/u/49/f/647410/c/35028/s/42065f07/sc/36/rc/2/rc.img"" border=""0""/></a><br/><a href=""http://da.feedsportal.com/r/216443490911/u/49/f/647410/c/35028/s/42065f07/sc/36/rc/3/rc.htm"" rel=""nofollow""><img src=""http://da.feedsportal.com/r/216443490911/u/49/f/647410/c/35028/s/42065f07/sc/36/rc/3/rc.img"" border=""0""/></a><br/><br/><a href=""http://da.feedsportal.com/r/216443490911/u/49/f/647410/c/35028/s/42065f07/sc/36/a2.htm""><img src=""http://da.feedsportal.com/r/216443490911/u/49/f/647410/c/35028/s/42065f07/sc/36/a2.img"" border=""0""/></a><img width=""1"" height=""1"" src=""http://pi.feedsportal.com/r/216443490911/u/49/f/647410/c/35028/s/42065f07/sc/36/a2t.img"" border=""0""/><img src=""//feeds.feedburner.com/~r/Slashdot/slashdot/~4/ageOWXQZR24"" height=""1"" width=""1"" alt=""""/>"
Inside Amsterdam's Efforts To Become a Smart City,http://rss.slashdot.org/~r/Slashdot/slashdot/~3/bSBcM-WzRrE/story01.htm,"First time accepted submitter MollsEisley writes Throughout Amsterdam there are ""Living Labs,"" or communities that act as petri dishes for ideas and initiatives to be tested before scaling them across the city. In IJburg, Amsterdam's youngest neighborhood, projects like free Wi-Fi and a new Fiber network, personalized television and transportation services, and a coworking space allow residents to experiment and test city projects to improve healthcare, environment, and energy programs in the city.<p><div class=""share_submission"" style=""position:relative;""> <a class=""slashpop"" href=""http://twitter.com/home?status=Inside+Amsterdam's+Efforts+To+Become+a+Smart+City%3A+http%3A%2F%2Fbit.ly%2F14edaQ8""><img src=""http://a.fsdn.com/sd/twitter_icon_large.png""></a> <a class=""slashpop"" href=""http://www.facebook.com/sharer.php?u=http%3A%2F%2Fyro.slashdot.org%2Fstory%2F15%2F01%2F05%2F1837256%2Finside-amsterdams-efforts-to-become-a-smart-city%3Futm_source%3Dslashdot%26utm_medium%3Dfacebook""><img src=""http://a.fsdn.com/sd/facebook_icon_large.png""></a> <a class=""nobg"" href=""http://plus.google.com/share?url=http://yro.slashdot.org/story/15/01/05/1837256/inside-amsterdams-efforts-to-become-a-smart-city?utm_source=slashdot&amp;utm_medium=googleplus"" onclick=""javascript:window.open(this.href,'', 'menubar=no,toolbar=no,resizable=yes,scrollbars=yes,height=600,width=600');return false;""><img src=""http://www.gstatic.com/images/icons/gplus-16.png"" alt=""Share on Google+""/></a> </div></p><p><a href=""http://yro.slashdot.org/story/15/01/05/1837256/inside-amsterdams-efforts-to-become-a-smart-city?utm_source=rss1.0moreanon&amp;utm_medium=feed"">Read more of this story</a> at Slashdot.</p><iframe src=""http://slashdot.org/slashdot-it.pl?op=discuss&amp;id=6635793&amp;smallembed=1"" style=""height: 300px; width: 100%; border: none;""></iframe><img width='1' height='1' src='http://slashdot.feedsportal.com/c/35028/f/647410/s/42071b41/sc/36/mf.gif' border='0'/><br clear='all'/><br/><br/><a href=""http://da.feedsportal.com/r/216443554745/u/49/f/647410/c/35028/s/42071b41/sc/36/rc/1/rc.htm"" rel=""nofollow""><img src=""http://da.feedsportal.com/r/216443554745/u/49/f/647410/c/35028/s/42071b41/sc/36/rc/1/rc.img"" border=""0""/></a><br/><a href=""http://da.feedsportal.com/r/216443554745/u/49/f/647410/c/35028/s/42071b41/sc/36/rc/2/rc.htm"" rel=""nofollow""><img src=""http://da.feedsportal.com/r/216443554745/u/49/f/647410/c/35028/s/42071b41/sc/36/rc/2/rc.img"" border=""0""/></a><br/><a href=""http://da.feedsportal.com/r/216443554745/u/49/f/647410/c/35028/s/42071b41/sc/36/rc/3/rc.htm"" rel=""nofollow""><img src=""http://da.feedsportal.com/r/216443554745/u/49/f/647410/c/35028/s/42071b41/sc/36/rc/3/rc.img"" border=""0""/></a><br/><br/><a href=""http://da.feedsportal.com/r/216443554745/u/49/f/647410/c/35028/s/42071b41/sc/36/a2.htm""><img src=""http://da.feedsportal.com/r/216443554745/u/49/f/647410/c/35028/s/42071b41/sc/36/a2.img"" border=""0""/></a><img width=""1"" height=""1"" src=""http://pi.feedsportal.com/r/216443554745/u/49/f/647410/c/35028/s/42071b41/sc/36/a2t.img"" border=""0""/><img src=""//feeds.feedburner.com/~r/Slashdot/slashdot/~4/bSBcM-WzRrE"" height=""1"" width=""1"" alt=""""/>"
Intel Unveils 5th Gen Core Series Broadwell-U CPUs and Cherry Trail Atom,http://rss.slashdot.org/~r/Slashdot/slashdot/~3/P7yscTRTl4c/story01.htm,"MojoKid writes Intel has officially taken the wraps off its 5th generation Core Series notebook processor, code named Broadwell-U. This new SoC is a ""tick"" in Intel's tick-tock plan, which means it's mostly a die shrink of the existing Haswell architecture, at least on the CPU side. On the GPU side, there's a bevy of improvements and advances, and the video decoder block has been beefed up with dual bit stream decoders in its high-end (GT3) hardware. Other feature improvements and capabilities are expected, though Intel has been quiet on exactly what they have tweaked and changed to date. Intel is claiming that the architecture will boost battery life by 1.5 hours, speed video conversions, and offer a whopping 22% improvement to 3D performance &mdash; a gain on par with what we saw when moving from Ivy Bridge to Haswell. Intel also took the wraps off their next gen Atom CPU, code named Cherry Trail. This is essentially a 14nm Bay Trail die shrink that's been on the roadmap for a while. As with Haswell-Broadwell, the Bay Trail-Cherry Trail shift is aimed at improving CPU power consumption and overall SoC power characteristics, though again, we'll see an updated GPU baked in as well.<p><div class=""share_submission"" style=""position:relative;""> <a class=""slashpop"" href=""http://twitter.com/home?status=Intel+Unveils+5th+Gen+Core+Series+Broadwell-U+CPUs+and+Cherry+Trail+Atom%3A+http%3A%2F%2Fbit.ly%2F1Apsiph""><img src=""http://a.fsdn.com/sd/twitter_icon_large.png""></a> <a class=""slashpop"" href=""http://www.facebook.com/sharer.php?u=http%3A%2F%2Fhardware.slashdot.org%2Fstory%2F15%2F01%2F05%2F1844225%2Fintel-unveils-5th-gen-core-series-broadwell-u-cpus-and-cherry-trail-atom%3Futm_source%3Dslashdot%26utm_medium%3Dfacebook""><img src=""http://a.fsdn.com/sd/facebook_icon_large.png""></a> <a class=""nobg"" href=""http://plus.google.com/share?url=http://hardware.slashdot.org/story/15/01/05/1844225/intel-unveils-5th-gen-core-series-broadwell-u-cpus-and-cherry-trail-atom?utm_source=slashdot&amp;utm_medium=googleplus"" onclick=""javascript:window.open(this.href,'', 'menubar=no,toolbar=no,resizable=yes,scrollbars=yes,height=600,width=600');return false;""><img src=""http://www.gstatic.com/images/icons/gplus-16.png"" alt=""Share on Google+""/></a> </div></p><p><a href=""http://hardware.slashdot.org/story/15/01/05/1844225/intel-unveils-5th-gen-core-series-broadwell-u-cpus-and-cherry-trail-atom?utm_source=rss1.0moreanon&amp;utm_medium=feed"">Read more of this story</a> at Slashdot.</p><iframe src=""http://slashdot.org/slashdot-it.pl?op=discuss&amp;id=6635815&amp;smallembed=1"" style=""height: 300px; width: 100%; border: none;""></iframe><img width='1' height='1' src='http://slashdot.feedsportal.com/c/35028/f/647410/s/42076f3b/sc/15/mf.gif' border='0'/><br clear='all'/><br/><br/><a href=""http://da.feedsportal.com/r/216443495514/u/49/f/647410/c/35028/s/42076f3b/sc/15/rc/1/rc.htm"" rel=""nofollow""><img src=""http://da.feedsportal.com/r/216443495514/u/49/f/647410/c/35028/s/42076f3b/sc/15/rc/1/rc.img"" border=""0""/></a><br/><a href=""http://da.feedsportal.com/r/216443495514/u/49/f/647410/c/35028/s/42076f3b/sc/15/rc/2/rc.htm"" rel=""nofollow""><img src=""http://da.feedsportal.com/r/216443495514/u/49/f/647410/c/35028/s/42076f3b/sc/15/rc/2/rc.img"" border=""0""/></a><br/><a href=""http://da.feedsportal.com/r/216443495514/u/49/f/647410/c/35028/s/42076f3b/sc/15/rc/3/rc.htm"" rel=""nofollow""><img src=""http://da.feedsportal.com/r/216443495514/u/49/f/647410/c/35028/s/42076f3b/sc/15/rc/3/rc.img"" border=""0""/></a><br/><br/><a href=""http://da.feedsportal.com/r/216443495514/u/49/f/647410/c/35028/s/42076f3b/sc/15/a2.htm""><img src=""http://da.feedsportal.com/r/216443495514/u/49/f/647410/c/35028/s/42076f3b/sc/15/a2.img"" border=""0""/></a><img width=""1"" height=""1"" src=""http://pi.feedsportal.com/r/216443495514/u/49/f/647410/c/35028/s/42076f3b/sc/15/a2t.img"" border=""0""/><img src=""//feeds.feedburner.com/~r/Slashdot/slashdot/~4/P7yscTRTl4c"" height=""1"" width=""1"" alt=""""/>"
Interviews: Ask Alexander Stepanov and Daniel E. Rose a Question,http://rss.slashdot.org/~r/Slashdot/slashdot/~3/Lhjm6-t992Y/story01.htm,"An anonymous reader writes ""Alexander Stepanov studied mathematics at Moscow State University and has been programming since 1972. His work on foundations of programming has been supported by GE, Brooklyn Polytechnic, AT&amp;T, HP, SGI, and, since 2002, Adobe. In 1995 he received the Dr. Dobb's Journal Excellence in Programming Award for the design of the C++ Standard Template Library. Currently, he is the Senior Principal Engineer at A9.com. Daniel E. Roseis a programmer and research scientist who has held management positions at Apple, AltaVista, Xigo, Yahoo, and is the Chief Scientist for Search at A9.com. His research focuses on all aspects of search technology, ranging from low-level algorithms for index compression to human-computer interaction issues in web search. Rose led the team at Apple that created desktop search for the Macintosh. In addition to working together, the pair have recently written a book, From Mathematics to Generic Programming. Alexander and Daniel have agreed to answer any questions you may have about their book, their work, or programming in general. As usual, ask as many as you'd like, but please, one per post.""<p><div class=""share_submission"" style=""position:relative;""> <a class=""slashpop"" href=""http://twitter.com/home?status=Interviews%3A+Ask+Alexander+Stepanov+and+Daniel+E.+Rose+a+Question%3A+http%3A%2F%2Fbit.ly%2F17dvElG""><img src=""http://a.fsdn.com/sd/twitter_icon_large.png""></a> <a class=""slashpop"" href=""http://www.facebook.com/sharer.php?u=http%3A%2F%2Finterviews.slashdot.org%2Fstory%2F15%2F01%2F05%2F1431248%2Finterviews-ask-alexander-stepanov-and-daniel-e-rose-a-question%3Futm_source%3Dslashdot%26utm_medium%3Dfacebook""><img src=""http://a.fsdn.com/sd/facebook_icon_large.png""></a> <a class=""nobg"" href=""http://plus.google.com/share?url=http://interviews.slashdot.org/story/15/01/05/1431248/interviews-ask-alexander-stepanov-and-daniel-e-rose-a-question?utm_source=slashdot&amp;utm_medium=googleplus"" onclick=""javascript:window.open(this.href,'', 'menubar=no,toolbar=no,resizable=yes,scrollbars=yes,height=600,width=600');return false;""><img src=""http://www.gstatic.com/images/icons/gplus-16.png"" alt=""Share on Google+""/></a> </div></p><p><a href=""http://interviews.slashdot.org/story/15/01/05/1431248/interviews-ask-alexander-stepanov-and-daniel-e-rose-a-question?utm_source=rss1.0moreanon&amp;utm_medium=feed"">Read more of this story</a> at Slashdot.</p><iframe src=""http://slashdot.org/slashdot-it.pl?op=discuss&amp;id=6634501&amp;smallembed=1"" style=""height: 300px; width: 100%; border: none;""></iframe><img width='1' height='1' src='http://slashdot.feedsportal.com/c/35028/f/647410/s/4205ccb5/sc/4/mf.gif' border='0'/><br clear='all'/><br/><br/><a href=""http://da.feedsportal.com/r/216443489730/u/49/f/647410/c/35028/s/4205ccb5/sc/4/rc/1/rc.htm"" rel=""nofollow""><img src=""http://da.feedsportal.com/r/216443489730/u/49/f/647410/c/35028/s/4205ccb5/sc/4/rc/1/rc.img"" border=""0""/></a><br/><a href=""http://da.feedsportal.com/r/216443489730/u/49/f/647410/c/35028/s/4205ccb5/sc/4/rc/2/rc.htm"" rel=""nofollow""><img src=""http://da.feedsportal.com/r/216443489730/u/49/f/647410/c/35028/s/4205ccb5/sc/4/rc/2/rc.img"" border=""0""/></a><br/><a href=""http://da.feedsportal.com/r/216443489730/u/49/f/647410/c/35028/s/4205ccb5/sc/4/rc/3/rc.htm"" rel=""nofollow""><img src=""http://da.feedsportal.com/r/216443489730/u/49/f/647410/c/35028/s/4205ccb5/sc/4/rc/3/rc.img"" border=""0""/></a><br/><br/><a href=""http://da.feedsportal.com/r/216443489730/u/49/f/647410/c/35028/s/4205ccb5/sc/4/a2.htm""><img src=""http://da.feedsportal.com/r/216443489730/u/49/f/647410/c/35028/s/4205ccb5/sc/4/a2.img"" border=""0""/></a><img width=""1"" height=""1"" src=""http://pi.feedsportal.com/r/216443489730/u/49/f/647410/c/35028/s/4205ccb5/sc/4/a2t.img"" border=""0""/><img src=""//feeds.feedburner.com/~r/Slashdot/slashdot/~4/Lhjm6-t992Y"" height=""1"" width=""1"" alt=""""/>"
"Microsoft Unveils Nokia 215, a $29 Phone With Internet Access",http://rss.slashdot.org/~r/Slashdot/slashdot/~3/kboUxJuK5CM/story01.htm,"An anonymous reader sends word of the Nokia 215, Microsoft's $29 internet-ready phone. ""Smartphones may be more affordable than ever, but, for quite a few people, they are still too expensive. And they offer short battery life, pretty much across the board. It is not a winning combination, especially for those living in developing markets, looking to be connected to the Internet while on the go. Enter Nokia 215, a dirt-cheap Internet-ready phone, which Microsoft announced earlier today. It packs some of the most-important features people want in a smartphone, but without any of the major drawbacks. The software giant calls it its ""most affordable Internet-ready entry-level phone yet"", costing just $29.""<p><div class=""share_submission"" style=""position:relative;""> <a class=""slashpop"" href=""http://twitter.com/home?status=Microsoft+Unveils+Nokia+215%2C+a+%2429+Phone+With+Internet+Access%3A+http%3A%2F%2Fbit.ly%2F1xKp7Hv""><img src=""http://a.fsdn.com/sd/twitter_icon_large.png""></a> <a class=""slashpop"" href=""http://www.facebook.com/sharer.php?u=http%3A%2F%2Fmobile.slashdot.org%2Fstory%2F15%2F01%2F05%2F1241215%2Fmicrosoft-unveils-nokia-215-a-29-phone-with-internet-access%3Futm_source%3Dslashdot%26utm_medium%3Dfacebook""><img src=""http://a.fsdn.com/sd/facebook_icon_large.png""></a> <a class=""nobg"" href=""http://plus.google.com/share?url=http://mobile.slashdot.org/story/15/01/05/1241215/microsoft-unveils-nokia-215-a-29-phone-with-internet-access?utm_source=slashdot&amp;utm_medium=googleplus"" onclick=""javascript:window.open(this.href,'', 'menubar=no,toolbar=no,resizable=yes,scrollbars=yes,height=600,width=600');return false;""><img src=""http://www.gstatic.com/images/icons/gplus-16.png"" alt=""Share on Google+""/></a> </div></p><p><a href=""http://mobile.slashdot.org/story/15/01/05/1241215/microsoft-unveils-nokia-215-a-29-phone-with-internet-access?utm_source=rss1.0moreanon&amp;utm_medium=feed"">Read more of this story</a> at Slashdot.</p><iframe src=""http://slashdot.org/slashdot-it.pl?op=discuss&amp;id=6633293&amp;smallembed=1"" style=""height: 300px; width: 100%; border: none;""></iframe><img width='1' height='1' src='http://slashdot.feedsportal.com/c/35028/f/647410/s/4204787f/sc/5/mf.gif' border='0'/><br clear='all'/><br/><br/><a href=""http://da.feedsportal.com/r/216443553784/u/49/f/647410/c/35028/s/4204787f/sc/5/rc/1/rc.htm"" rel=""nofollow""><img src=""http://da.feedsportal.com/r/216443553784/u/49/f/647410/c/35028/s/4204787f/sc/5/rc/1/rc.img"" border=""0""/></a><br/><a href=""http://da.feedsportal.com/r/216443553784/u/49/f/647410/c/35028/s/4204787f/sc/5/rc/2/rc.htm"" rel=""nofollow""><img src=""http://da.feedsportal.com/r/216443553784/u/49/f/647410/c/35028/s/4204787f/sc/5/rc/2/rc.img"" border=""0""/></a><br/><a href=""http://da.feedsportal.com/r/216443553784/u/49/f/647410/c/35028/s/4204787f/sc/5/rc/3/rc.htm"" rel=""nofollow""><img src=""http://da.feedsportal.com/r/216443553784/u/49/f/647410/c/35028/s/4204787f/sc/5/rc/3/rc.img"" border=""0""/></a><br/><br/><a href=""http://da.feedsportal.com/r/216443553784/u/49/f/647410/c/35028/s/4204787f/sc/5/a2.htm""><img src=""http://da.feedsportal.com/r/216443553784/u/49/f/647410/c/35028/s/4204787f/sc/5/a2.img"" border=""0""/></a><img width=""1"" height=""1"" src=""http://pi.feedsportal.com/r/216443553784/u/49/f/647410/c/35028/s/4204787f/sc/5/a2t.img"" border=""0""/><img src=""//feeds.feedburner.com/~r/Slashdot/slashdot/~4/kboUxJuK5CM"" height=""1"" width=""1"" alt=""""/>"
NVIDIA Announces Tegra X1 Chip and Drive CX and PX Automotive Platforms,http://rss.slashdot.org/~r/Slashdot/slashdot/~3/e7PTuh3qiVQ/story01.htm,"MojoKid writes For the last few years, NVIDIA has taken advantage of the lead-up to the Consumer Electronics Show to announce new Tegra-powered mobile architectures and this year we're being treated to more of the same. Today, NVIDIA unveiled its upcoming Tegra X1 system on a chip (SoC) and a few automotive computer systems leveraging the chip. Tegra X1 is a significant departure from the previous-gen Tegra K1 in that it features a 256 core Maxwell-derived GPU and eight CPU cores; four ARM A57 cores and four A53s in a big.LITTLE configuration. NVIDIA claims the Tegra X1 offers up to 2x the performance of the Tegra K1 in a similar power envelope, thanks to improved efficiency in the CPU and GPU cores and because the chips will be built using TSMC's 20nm manufacturing process. In addition to the Tegra X1 itself, NVIDIA also announced some new automotive computing platforms, the NVIDIA Drive CX Digital Cockpit Computer and Drive PX Auto-Pilot Platform, along with the Drive Studio software suite for developing in-car infotainment systems and autonomous driving systems.<p><div class=""share_submission"" style=""position:relative;""> <a class=""slashpop"" href=""http://twitter.com/home?status=NVIDIA+Announces+Tegra+X1+Chip+and+Drive+CX+and+PX+Automotive+Platforms%3A+http%3A%2F%2Fbit.ly%2F1yrzX8f""><img src=""http://a.fsdn.com/sd/twitter_icon_large.png""></a> <a class=""slashpop"" href=""http://www.facebook.com/sharer.php?u=http%3A%2F%2Fhardware.slashdot.org%2Fstory%2F15%2F01%2F05%2F1231242%2Fnvidia-announces-tegra-x1-chip-and-drive-cx-and-px-automotive-platforms%3Futm_source%3Dslashdot%26utm_medium%3Dfacebook""><img src=""http://a.fsdn.com/sd/facebook_icon_large.png""></a> <a class=""nobg"" href=""http://plus.google.com/share?url=http://hardware.slashdot.org/story/15/01/05/1231242/nvidia-announces-tegra-x1-chip-and-drive-cx-and-px-automotive-platforms?utm_source=slashdot&amp;utm_medium=googleplus"" onclick=""javascript:window.open(this.href,'', 'menubar=no,toolbar=no,resizable=yes,scrollbars=yes,height=600,width=600');return false;""><img src=""http://www.gstatic.com/images/icons/gplus-16.png"" alt=""Share on Google+""/></a> </div></p><p><a href=""http://hardware.slashdot.org/story/15/01/05/1231242/nvidia-announces-tegra-x1-chip-and-drive-cx-and-px-automotive-platforms?utm_source=rss1.0moreanon&amp;utm_medium=feed"">Read more of this story</a> at Slashdot.</p><iframe src=""http://slashdot.org/slashdot-it.pl?op=discuss&amp;id=6633127&amp;smallembed=1"" style=""height: 300px; width: 100%; border: none;""></iframe><img width='1' height='1' src='http://slashdot.feedsportal.com/c/35028/f/647410/s/42043910/sc/23/mf.gif' border='0'/><br clear='all'/><br/><br/><a href=""http://da.feedsportal.com/r/216443494877/u/49/f/647410/c/35028/s/42043910/sc/23/rc/1/rc.htm"" rel=""nofollow""><img src=""http://da.feedsportal.com/r/216443494877/u/49/f/647410/c/35028/s/42043910/sc/23/rc/1/rc.img"" border=""0""/></a><br/><a href=""http://da.feedsportal.com/r/216443494877/u/49/f/647410/c/35028/s/42043910/sc/23/rc/2/rc.htm"" rel=""nofollow""><img src=""http://da.feedsportal.com/r/216443494877/u/49/f/647410/c/35028/s/42043910/sc/23/rc/2/rc.img"" border=""0""/></a><br/><a href=""http://da.feedsportal.com/r/216443494877/u/49/f/647410/c/35028/s/42043910/sc/23/rc/3/rc.htm"" rel=""nofollow""><img src=""http://da.feedsportal.com/r/216443494877/u/49/f/647410/c/35028/s/42043910/sc/23/rc/3/rc.img"" border=""0""/></a><br/><br/><a href=""http://da.feedsportal.com/r/216443494877/u/49/f/647410/c/35028/s/42043910/sc/23/a2.htm""><img src=""http://da.feedsportal.com/r/216443494877/u/49/f/647410/c/35028/s/42043910/sc/23/a2.img"" border=""0""/></a><img width=""1"" height=""1"" src=""http://pi.feedsportal.com/r/216443494877/u/49/f/647410/c/35028/s/42043910/sc/23/a2t.img"" border=""0""/><img src=""//feeds.feedburner.com/~r/Slashdot/slashdot/~4/e7PTuh3qiVQ"" height=""1"" width=""1"" alt=""""/>"
"Nest Will Now Work With Your Door Locks, Light Bulbs and More",http://rss.slashdot.org/~r/Slashdot/slashdot/~3/HO-YCFBB_Mo/story01.htm,"An anonymous reader writes with news about 15 new brand partnerships Nest announced today. ""When Google purchased Nest Labs &ndash; the maker of Internet-connected thermostats and smoke detectors &ndash; the search engine giant saw the potential to create a software platform for controlling the myriad everyday devices and gadgets in consumers' homes, a central hub for the so-called ""Internet of things."" This vision took a major step towards becoming reality Monday morning, when Nest announced at the Consumer Electronics Show in Las Vegas that 15 new partners were joining its ""Works with Nest"" developer program. Soon, everything from washing machines to light bulbs will be connected with the Nest platform.""<p><div class=""share_submission"" style=""position:relative;""> <a class=""slashpop"" href=""http://twitter.com/home?status=Nest+Will+Now+Work+With+Your+Door+Locks%2C+Light+Bulbs+and+More%3A+http%3A%2F%2Fbit.ly%2F1DpZ8qS""><img src=""http://a.fsdn.com/sd/twitter_icon_large.png""></a> <a class=""slashpop"" href=""http://www.facebook.com/sharer.php?u=http%3A%2F%2Ftech.slashdot.org%2Fstory%2F15%2F01%2F05%2F1526248%2Fnest-will-now-work-with-your-door-locks-light-bulbs-and-more%3Futm_source%3Dslashdot%26utm_medium%3Dfacebook""><img src=""http://a.fsdn.com/sd/facebook_icon_large.png""></a> <a class=""nobg"" href=""http://plus.google.com/share?url=http://tech.slashdot.org/story/15/01/05/1526248/nest-will-now-work-with-your-door-locks-light-bulbs-and-more?utm_source=slashdot&amp;utm_medium=googleplus"" onclick=""javascript:window.open(this.href,'', 'menubar=no,toolbar=no,resizable=yes,scrollbars=yes,height=600,width=600');return false;""><img src=""http://www.gstatic.com/images/icons/gplus-16.png"" alt=""Share on Google+""/></a> </div></p><p><a href=""http://tech.slashdot.org/story/15/01/05/1526248/nest-will-now-work-with-your-door-locks-light-bulbs-and-more?utm_source=rss1.0moreanon&amp;utm_medium=feed"">Read more of this story</a> at Slashdot.</p><iframe src=""http://slashdot.org/slashdot-it.pl?op=discuss&amp;id=6634849&amp;smallembed=1"" style=""height: 300px; width: 100%; border: none;""></iframe><img width='1' height='1' src='http://slashdot.feedsportal.com/c/35028/f/647410/s/42064a1a/sc/5/mf.gif' border='0'/><br clear='all'/><br/><br/><a href=""http://da.feedsportal.com/r/216443495023/u/49/f/647410/c/35028/s/42064a1a/sc/5/rc/1/rc.htm"" rel=""nofollow""><img src=""http://da.feedsportal.com/r/216443495023/u/49/f/647410/c/35028/s/42064a1a/sc/5/rc/1/rc.img"" border=""0""/></a><br/><a href=""http://da.feedsportal.com/r/216443495023/u/49/f/647410/c/35028/s/42064a1a/sc/5/rc/2/rc.htm"" rel=""nofollow""><img src=""http://da.feedsportal.com/r/216443495023/u/49/f/647410/c/35028/s/42064a1a/sc/5/rc/2/rc.img"" border=""0""/></a><br/><a href=""http://da.feedsportal.com/r/216443495023/u/49/f/647410/c/35028/s/42064a1a/sc/5/rc/3/rc.htm"" rel=""nofollow""><img src=""http://da.feedsportal.com/r/216443495023/u/49/f/647410/c/35028/s/42064a1a/sc/5/rc/3/rc.img"" border=""0""/></a><br/><br/><a href=""http://da.feedsportal.com/r/216443495023/u/49/f/647410/c/35028/s/42064a1a/sc/5/a2.htm""><img src=""http://da.feedsportal.com/r/216443495023/u/49/f/647410/c/35028/s/42064a1a/sc/5/a2.img"" border=""0""/></a><img width=""1"" height=""1"" src=""http://pi.feedsportal.com/r/216443495023/u/49/f/647410/c/35028/s/42064a1a/sc/5/a2t.img"" border=""0""/><img src=""//feeds.feedburner.com/~r/Slashdot/slashdot/~4/HO-YCFBB_Mo"" height=""1"" width=""1"" alt=""""/>"
Netflix Denies There Was a Policy Change With VPNs,http://rss.slashdot.org/~r/Slashdot/slashdot/~3/2aIMhkiNGJ8/story01.htm,"Dangerous_Minds writes ""The other day, Slashdot linked to a TorrentFreak story saying that Netflix was cracking down on VPN users. But PCMag has a story that quotes a Netflix spokesperson saying that there was no change in their policy on VPNs. Freezenet also did some digging around and found very few reports saying there were VPN access issues and even more reports from users say that their VPN solution is working for the time being.""<p><div class=""share_submission"" style=""position:relative;""> <a class=""slashpop"" href=""http://twitter.com/home?status=Netflix+Denies+There+Was+a+Policy+Change+With+VPNs%3A+http%3A%2F%2Fbit.ly%2F1xKiSGY""><img src=""http://a.fsdn.com/sd/twitter_icon_large.png""></a> <a class=""slashpop"" href=""http://www.facebook.com/sharer.php?u=http%3A%2F%2Fyro.slashdot.org%2Fstory%2F15%2F01%2F05%2F1252209%2Fnetflix-denies-there-was-a-policy-change-with-vpns%3Futm_source%3Dslashdot%26utm_medium%3Dfacebook""><img src=""http://a.fsdn.com/sd/facebook_icon_large.png""></a> <a class=""nobg"" href=""http://plus.google.com/share?url=http://yro.slashdot.org/story/15/01/05/1252209/netflix-denies-there-was-a-policy-change-with-vpns?utm_source=slashdot&amp;utm_medium=googleplus"" onclick=""javascript:window.open(this.href,'', 'menubar=no,toolbar=no,resizable=yes,scrollbars=yes,height=600,width=600');return false;""><img src=""http://www.gstatic.com/images/icons/gplus-16.png"" alt=""Share on Google+""/></a> </div></p><p><a href=""http://yro.slashdot.org/story/15/01/05/1252209/netflix-denies-there-was-a-policy-change-with-vpns?utm_source=rss1.0moreanon&amp;utm_medium=feed"">Read more of this story</a> at Slashdot.</p><iframe src=""http://slashdot.org/slashdot-it.pl?op=discuss&amp;id=6633479&amp;smallembed=1"" style=""height: 300px; width: 100%; border: none;""></iframe><img width='1' height='1' src='http://slashdot.feedsportal.com/c/35028/f/647410/s/420492e9/sc/36/mf.gif' border='0'/><br clear='all'/><br/><br/><a href=""http://da.feedsportal.com/r/216443488838/u/49/f/647410/c/35028/s/420492e9/sc/36/rc/1/rc.htm"" rel=""nofollow""><img src=""http://da.feedsportal.com/r/216443488838/u/49/f/647410/c/35028/s/420492e9/sc/36/rc/1/rc.img"" border=""0""/></a><br/><a href=""http://da.feedsportal.com/r/216443488838/u/49/f/647410/c/35028/s/420492e9/sc/36/rc/2/rc.htm"" rel=""nofollow""><img src=""http://da.feedsportal.com/r/216443488838/u/49/f/647410/c/35028/s/420492e9/sc/36/rc/2/rc.img"" border=""0""/></a><br/><a href=""http://da.feedsportal.com/r/216443488838/u/49/f/647410/c/35028/s/420492e9/sc/36/rc/3/rc.htm"" rel=""nofollow""><img src=""http://da.feedsportal.com/r/216443488838/u/49/f/647410/c/35028/s/420492e9/sc/36/rc/3/rc.img"" border=""0""/></a><br/><br/><a href=""http://da.feedsportal.com/r/216443488838/u/49/f/647410/c/35028/s/420492e9/sc/36/a2.htm""><img src=""http://da.feedsportal.com/r/216443488838/u/49/f/647410/c/35028/s/420492e9/sc/36/a2.img"" border=""0""/></a><img width=""1"" height=""1"" src=""http://pi.feedsportal.com/r/216443488838/u/49/f/647410/c/35028/s/420492e9/sc/36/a2t.img"" border=""0""/><img src=""//feeds.feedburner.com/~r/Slashdot/slashdot/~4/2aIMhkiNGJ8"" height=""1"" width=""1"" alt=""""/>"
New Details Emerge on Mystery Bat-Killer Disease (Discovery),http://news.feedzilla.com/en_us/stories/science/413785188?client_source=api&format=json,"For the first time, scientists have developed a detailed explanation of how
white-nose syndrome is killing millions of bats in North America.

"
Pacific Coast sea bird die-off puzzles scientists (The Arizona Republic),http://news.feedzilla.com/en_us/stories/science/413455034?client_source=api&format=json,"SALEM, Ore. (AP) -- Scientists are trying to figure out what's behind the
deaths of seabirds that have been found by the hundreds along the Pacific
Coast since October....

"
Pic of the Day: A High Elevation Pine Forest in the Snow (Discover Magazine),http://news.feedzilla.com/en_us/stories/science/413493944?client_source=api&format=json,"Yesterday I started a new feature here at ImaGeo: Pic of the Day. Over the
next year, I'll be trying to post one image every day here. Today's
installment: The photograph above of a mixed conifer forest in Colorado's
Front Range mountains west of where I live near Boulder. I went snowshoeing
there today, and as you can probably make out, snow was coming down. No
blizzard. Just enough to make it peaceful and beautiful. You're looking at a
mix of lodgepole and limber pine. And I think th

"
Project Ryptide Drone Flies Life-Rings To Distressed Swimmers,http://rss.slashdot.org/~r/Slashdot/slashdot/~3/-V2-6XUyYBE/story01.htm,"Zothecula writes The speed that drones can be deployed makes them ideal for delivering items when time is of the essence. The Ambulance Drone and Defikopter, for example, are used for transporting defibrillators to those in need. Now, Project Ryptide plans to use drones to deliver life-rings to swimmers in distress. From the article: ""The project, which is at pre-production prototype stage, was conceived by Bill Piedra, a part-time teacher at the King Low Heywood Thomas (KLHT) school in Stamford, Connecticut. Piedra began working on the design in January 2014 and then began developing it further with students at KLHT in September 2014. 'Ryptide was designed so that anyone can be a lifeguard,' Piedra tells Gizmag. 'We had the casual user in mind when we designed the basic model; someone that might take their drone to the beach, boating, a lake, or even ice skating. It could be useful in the case of someone falling through the ice while skating, for example.'""<p><div class=""share_submission"" style=""position:relative;""> <a class=""slashpop"" href=""http://twitter.com/home?status=Project+Ryptide+Drone+Flies+Life-Rings+To+Distressed+Swimmers%3A+http%3A%2F%2Fbit.ly%2F14pByPz""><img src=""http://a.fsdn.com/sd/twitter_icon_large.png""></a> <a class=""slashpop"" href=""http://www.facebook.com/sharer.php?u=http%3A%2F%2Ftech.slashdot.org%2Fstory%2F15%2F01%2F05%2F1454252%2Fproject-ryptide-drone-flies-life-rings-to-distressed-swimmers%3Futm_source%3Dslashdot%26utm_medium%3Dfacebook""><img src=""http://a.fsdn.com/sd/facebook_icon_large.png""></a> <a class=""nobg"" href=""http://plus.google.com/share?url=http://tech.slashdot.org/story/15/01/05/1454252/project-ryptide-drone-flies-life-rings-to-distressed-swimmers?utm_source=slashdot&amp;utm_medium=googleplus"" onclick=""javascript:window.open(this.href,'', 'menubar=no,toolbar=no,resizable=yes,scrollbars=yes,height=600,width=600');return false;""><img src=""http://www.gstatic.com/images/icons/gplus-16.png"" alt=""Share on Google+""/></a> </div></p><p><a href=""http://tech.slashdot.org/story/15/01/05/1454252/project-ryptide-drone-flies-life-rings-to-distressed-swimmers?utm_source=rss1.0moreanon&amp;utm_medium=feed"">Read more of this story</a> at Slashdot.</p><iframe src=""http://slashdot.org/slashdot-it.pl?op=discuss&amp;id=6634683&amp;smallembed=1"" style=""height: 300px; width: 100%; border: none;""></iframe><img width='1' height='1' src='http://slashdot.feedsportal.com/c/35028/f/647410/s/42057862/sc/4/mf.gif' border='0'/><br clear='all'/><br/><br/><a href=""http://da.feedsportal.com/r/216443500908/u/49/f/647410/c/35028/s/42057862/sc/4/rc/1/rc.htm"" rel=""nofollow""><img src=""http://da.feedsportal.com/r/216443500908/u/49/f/647410/c/35028/s/42057862/sc/4/rc/1/rc.img"" border=""0""/></a><br/><a href=""http://da.feedsportal.com/r/216443500908/u/49/f/647410/c/35028/s/42057862/sc/4/rc/2/rc.htm"" rel=""nofollow""><img src=""http://da.feedsportal.com/r/216443500908/u/49/f/647410/c/35028/s/42057862/sc/4/rc/2/rc.img"" border=""0""/></a><br/><a href=""http://da.feedsportal.com/r/216443500908/u/49/f/647410/c/35028/s/42057862/sc/4/rc/3/rc.htm"" rel=""nofollow""><img src=""http://da.feedsportal.com/r/216443500908/u/49/f/647410/c/35028/s/42057862/sc/4/rc/3/rc.img"" border=""0""/></a><br/><br/><a href=""http://da.feedsportal.com/r/216443500908/u/49/f/647410/c/35028/s/42057862/sc/4/a2.htm""><img src=""http://da.feedsportal.com/r/216443500908/u/49/f/647410/c/35028/s/42057862/sc/4/a2.img"" border=""0""/></a><img width=""1"" height=""1"" src=""http://pi.feedsportal.com/r/216443500908/u/49/f/647410/c/35028/s/42057862/sc/4/a2t.img"" border=""0""/><img src=""//feeds.feedburner.com/~r/Slashdot/slashdot/~4/-V2-6XUyYBE"" height=""1"" width=""1"" alt=""""/>"
Raindrops Are like Tiny Asteroid Strikes (Discover Magazine),http://news.feedzilla.com/en_us/stories/science/413295285?client_source=api&format=json,"Rainshowers are a lot more dramatic if you imagine every drop is a tiny
asteroid imperiling miniature dinosaurs or sending little astronaut Ben
Afflecks into space. It turns out your fantasy wouldn't be that far off, aside
from that last part. Researchers have found startling similarities between
asteroid craters and the fleeting indentations left by raindrops on sand. At
the University of Minnesota, physicist Xiang Cheng and three undergraduate
students scrutinized what happens when a dr

"
"Rogue Star HIP 85605 on Collision Course with our Solar System, but Earthlings Need Not Worry (Universe Today)",http://news.feedzilla.com/en_us/stories/science/413284187?client_source=api&format=json,"It's known as HIP 85605, one of two stars that make up a binary in the
Hercules constellation roughly 16 light years away. And if a recent research
paper produced by Dr. Coryn Bailer-Jones of the Max Planck Institute for
Astronomy in Heidelberg, Germany is correct, it is on a collision course with
our Solar […]

"
System and method for producing gasoline (Fresh Patents),http://news.feedzilla.com/en_us/stories/science/413801161?client_source=api&format=json,"A system or method for producing gasoline from natural gas via methanol can
effectively use the heat of reaction generated during the synthesis of
gasoline and is capable of readily cooling the gasoline synthesis column in
the production of gasoline from natural gas via methanol. A steam reformer 10
steam-reforms...

"
Televisions taking the spotlight at CES (CBS News),http://news.feedzilla.com/en_us/stories/science/413812153?client_source=api&format=json,"Of all the sets on display at the Consumer Electronics Show in Las Vegas,
these are the TVs to watch

"
Tragic Case Prompts India to Adopt a Law Permitting ‘Passive’ Euthanasia (bioethicscom),http://news.feedzilla.com/en_us/stories/science/413762794?client_source=api&format=json,"(Washington Post) - Now, a law has taken effect that may help Indians facing a
similar tragedy. But it still may not alter Shanbaug’s condition. Last month,
India adopted a landmark Supreme Court decision to allow “passive euthanasia”
for patients … Read More

"
Tumblr Co-Founder: Apple's Software Is In a Nosedive,http://rss.slashdot.org/~r/Slashdot/slashdot/~3/kLPUtKS1J64/story01.htm,"mrspoonsi writes Respected developer Marco Arment is worried about Apple's future. In a blog post, he writes, ""Apple's hardware today is amazing &mdash; it has never been better. But the software quality has taken such a nosedive in the last few years that I'm deeply concerned for its future."" Arment was CTO at Tumblr, before he left to start Instapaper. ""Apple has completely lost the functional high ground,"" says Arment. ""'It just works' was never completely true, but I don't think the list of qualifiers and asterisks has ever been longer."" He blames Apple prioritizing marketing for the problems with Apple's software. Apple wants to have new software releases each year as a marketing hook, but the annual cycles of updating Apple's software are leading to too many bugs and problems, he says: I suspect the rapid decline of Apple's software is a sign that marketing has a bit too much power at Apple today: the marketing priority of having major new releases every year is clearly impossible for the engineering teams to keep up with while maintaining quality. Maybe it's an engineering problem, but I suspect not &mdash; I doubt that any cohesive engineering team could keep up with these demands and maintain significantly higher quality.""<p><div class=""share_submission"" style=""position:relative;""> <a class=""slashpop"" href=""http://twitter.com/home?status=Tumblr+Co-Founder%3A+Apple's+Software+Is+In+a+Nosedive%3A+http%3A%2F%2Fbit.ly%2F1wcAJjR""><img src=""http://a.fsdn.com/sd/twitter_icon_large.png""></a> <a class=""slashpop"" href=""http://www.facebook.com/sharer.php?u=http%3A%2F%2Fapple.slashdot.org%2Fstory%2F15%2F01%2F05%2F152238%2Ftumblr-co-founder-apples-software-is-in-a-nosedive%3Futm_source%3Dslashdot%26utm_medium%3Dfacebook""><img src=""http://a.fsdn.com/sd/facebook_icon_large.png""></a> <a class=""nobg"" href=""http://plus.google.com/share?url=http://apple.slashdot.org/story/15/01/05/152238/tumblr-co-founder-apples-software-is-in-a-nosedive?utm_source=slashdot&amp;utm_medium=googleplus"" onclick=""javascript:window.open(this.href,'', 'menubar=no,toolbar=no,resizable=yes,scrollbars=yes,height=600,width=600');return false;""><img src=""http://www.gstatic.com/images/icons/gplus-16.png"" alt=""Share on Google+""/></a> </div></p><p><a href=""http://apple.slashdot.org/story/15/01/05/152238/tumblr-co-founder-apples-software-is-in-a-nosedive?utm_source=rss1.0moreanon&amp;utm_medium=feed"">Read more of this story</a> at Slashdot.</p><iframe src=""http://slashdot.org/slashdot-it.pl?op=discuss&amp;id=6634719&amp;smallembed=1"" style=""height: 300px; width: 100%; border: none;""></iframe><img width='1' height='1' src='http://slashdot.feedsportal.com/c/35028/f/647410/s/42057fd3/sc/4/mf.gif' border='0'/><br clear='all'/><br/><br/><a href=""http://da.feedsportal.com/r/216443501898/u/49/f/647410/c/35028/s/42057fd3/sc/4/rc/1/rc.htm"" rel=""nofollow""><img src=""http://da.feedsportal.com/r/216443501898/u/49/f/647410/c/35028/s/42057fd3/sc/4/rc/1/rc.img"" border=""0""/></a><br/><a href=""http://da.feedsportal.com/r/216443501898/u/49/f/647410/c/35028/s/42057fd3/sc/4/rc/2/rc.htm"" rel=""nofollow""><img src=""http://da.feedsportal.com/r/216443501898/u/49/f/647410/c/35028/s/42057fd3/sc/4/rc/2/rc.img"" border=""0""/></a><br/><a href=""http://da.feedsportal.com/r/216443501898/u/49/f/647410/c/35028/s/42057fd3/sc/4/rc/3/rc.htm"" rel=""nofollow""><img src=""http://da.feedsportal.com/r/216443501898/u/49/f/647410/c/35028/s/42057fd3/sc/4/rc/3/rc.img"" border=""0""/></a><br/><br/><a href=""http://da.feedsportal.com/r/216443501898/u/49/f/647410/c/35028/s/42057fd3/sc/4/a2.htm""><img src=""http://da.feedsportal.com/r/216443501898/u/49/f/647410/c/35028/s/42057fd3/sc/4/a2.img"" border=""0""/></a><img width=""1"" height=""1"" src=""http://pi.feedsportal.com/r/216443501898/u/49/f/647410/c/35028/s/42057fd3/sc/4/a2t.img"" border=""0""/><img src=""//feeds.feedburner.com/~r/Slashdot/slashdot/~4/kLPUtKS1J64"" height=""1"" width=""1"" alt=""""/>"
U.S. Teens Have Same Firearm Access regardless of Suicide Risk (Scientific American),http://news.feedzilla.com/en_us/stories/science/413359607?client_source=api&format=json,"U.S. teens report easy access to firearms, even when they have mental health
problems that put them at an increased risk of suicide, according to a new
study


-- Read more on ScientificAmerican.com

"
"WSJ Refused To Publish Lawrence Krauss' Response To ""Science Proves Religion""",http://rss.slashdot.org/~r/Slashdot/slashdot/~3/KYbI_Doi6VA/story01.htm,"First time accepted submitter Kubla Kahhhn! writes Recently, the WSJ posted a controversial piece ""Science Increasingly Makes a Case for God"", written by non-scientist Eric Metaxas. Noted astrophysicist Lawrence Krauss wrote a simple and clear retort in a letter to the editor, which the WSJ declined to publish, but Richard Dawkins did.<p><div class=""share_submission"" style=""position:relative;""> <a class=""slashpop"" href=""http://twitter.com/home?status=WSJ+Refused+To+Publish+Lawrence+Krauss'+Response+To+%22Science+Proves+Religion%22%3A+http%3A%2F%2Fbit.ly%2F14dkHyv""><img src=""http://a.fsdn.com/sd/twitter_icon_large.png""></a> <a class=""slashpop"" href=""http://www.facebook.com/sharer.php?u=http%3A%2F%2Fscience.slashdot.org%2Fstory%2F15%2F01%2F05%2F1259227%2Fwsj-refused-to-publish-lawrence-krauss-response-to-science-proves-religion%3Futm_source%3Dslashdot%26utm_medium%3Dfacebook""><img src=""http://a.fsdn.com/sd/facebook_icon_large.png""></a> <a class=""nobg"" href=""http://plus.google.com/share?url=http://science.slashdot.org/story/15/01/05/1259227/wsj-refused-to-publish-lawrence-krauss-response-to-science-proves-religion?utm_source=slashdot&amp;utm_medium=googleplus"" onclick=""javascript:window.open(this.href,'', 'menubar=no,toolbar=no,resizable=yes,scrollbars=yes,height=600,width=600');return false;""><img src=""http://www.gstatic.com/images/icons/gplus-16.png"" alt=""Share on Google+""/></a> </div></p><p><a href=""http://science.slashdot.org/story/15/01/05/1259227/wsj-refused-to-publish-lawrence-krauss-response-to-science-proves-religion?utm_source=rss1.0moreanon&amp;utm_medium=feed"">Read more of this story</a> at Slashdot.</p><iframe src=""http://slashdot.org/slashdot-it.pl?op=discuss&amp;id=6633579&amp;smallembed=1"" style=""height: 300px; width: 100%; border: none;""></iframe><img width='1' height='1' src='http://slashdot.feedsportal.com/c/35028/f/647410/s/4204a8fe/sc/38/mf.gif' border='0'/><br clear='all'/><br/><br/><a href=""http://da.feedsportal.com/r/216443484858/u/49/f/647410/c/35028/s/4204a8fe/sc/38/rc/1/rc.htm"" rel=""nofollow""><img src=""http://da.feedsportal.com/r/216443484858/u/49/f/647410/c/35028/s/4204a8fe/sc/38/rc/1/rc.img"" border=""0""/></a><br/><a href=""http://da.feedsportal.com/r/216443484858/u/49/f/647410/c/35028/s/4204a8fe/sc/38/rc/2/rc.htm"" rel=""nofollow""><img src=""http://da.feedsportal.com/r/216443484858/u/49/f/647410/c/35028/s/4204a8fe/sc/38/rc/2/rc.img"" border=""0""/></a><br/><a href=""http://da.feedsportal.com/r/216443484858/u/49/f/647410/c/35028/s/4204a8fe/sc/38/rc/3/rc.htm"" rel=""nofollow""><img src=""http://da.feedsportal.com/r/216443484858/u/49/f/647410/c/35028/s/4204a8fe/sc/38/rc/3/rc.img"" border=""0""/></a><br/><br/><a href=""http://da.feedsportal.com/r/216443484858/u/49/f/647410/c/35028/s/4204a8fe/sc/38/a2.htm""><img src=""http://da.feedsportal.com/r/216443484858/u/49/f/647410/c/35028/s/4204a8fe/sc/38/a2.img"" border=""0""/></a><img width=""1"" height=""1"" src=""http://pi.feedsportal.com/r/216443484858/u/49/f/647410/c/35028/s/4204a8fe/sc/38/a2t.img"" border=""0""/><img src=""//feeds.feedburner.com/~r/Slashdot/slashdot/~4/KYbI_Doi6VA"" height=""1"" width=""1"" alt=""""/>"
What Is a Genetically Modified Food? (Scientific American),http://news.feedzilla.com/en_us/stories/science/413767903?client_source=api&format=json,"Genetically modified foods have been demonized in recent years by health
advocates and environmentalists alike. If we look at the history of food
cultivation, however, it is apparent we've been...


-- Read more on ScientificAmerican.com

"
Who's Responsible When Your Semi-Autonomous Shopping Bot Purchases Drugs Online?,http://rss.slashdot.org/~r/Slashdot/slashdot/~3/TrI35MEWo5E/story01.htm,"Nerval's Lobster writes Who's responsible when a bot breaks the law? A collective of Swiss artists faced that very question when they coded the Random Darknet Shopper, an online shopping bot, to purchase random items from a marketplace located on the Deep Web, an area of the World Wide Web not indexed by search engines. While many of the 16,000 items for sale on this marketplace are legal, quite a few are not; and when the bot used its $100-per-week-in-Bitcoin to purchase a handful of illegal pills and a fake Hungarian passport, the artists found themselves in one of those conundrums unique to the 21st century: Is one liable when a bunch of semi-autonomous code goes off and does something bad? In a short piece in The Guardian, the artists seemed prepared to face the legal consequences of their software's actions, but nothing had happened yet&mdash;even though the gallery displaying the items is reportedly next door to a police station. In addition to the drugs and passport, the bot ordered a box set of The Lord of the Rings, a Louis Vuitton handbag, a couple of cartons of Chesterfield Blue cigarettes, sneakers, knockoff jeans, and much more.<p><div class=""share_submission"" style=""position:relative;""> <a class=""slashpop"" href=""http://twitter.com/home?status=Who's+Responsible+When+Your+Semi-Autonomous+Shopping+Bot+Purchases+Drugs+Online%3F%3A+http%3A%2F%2Fbit.ly%2F1vUybpn""><img src=""http://a.fsdn.com/sd/twitter_icon_large.png""></a> <a class=""slashpop"" href=""http://www.facebook.com/sharer.php?u=http%3A%2F%2Ftech.slashdot.org%2Fstory%2F15%2F01%2F05%2F1854222%2Fwhos-responsible-when-your-semi-autonomous-shopping-bot-purchases-drugs-online%3Futm_source%3Dslashdot%26utm_medium%3Dfacebook""><img src=""http://a.fsdn.com/sd/facebook_icon_large.png""></a> <a class=""nobg"" href=""http://plus.google.com/share?url=http://tech.slashdot.org/story/15/01/05/1854222/whos-responsible-when-your-semi-autonomous-shopping-bot-purchases-drugs-online?utm_source=slashdot&amp;utm_medium=googleplus"" onclick=""javascript:window.open(this.href,'', 'menubar=no,toolbar=no,resizable=yes,scrollbars=yes,height=600,width=600');return false;""><img src=""http://www.gstatic.com/images/icons/gplus-16.png"" alt=""Share on Google+""/></a> </div></p><p><a href=""http://tech.slashdot.org/story/15/01/05/1854222/whos-responsible-when-your-semi-autonomous-shopping-bot-purchases-drugs-online?utm_source=rss1.0moreanon&amp;utm_medium=feed"">Read more of this story</a> at Slashdot.</p><iframe src=""http://slashdot.org/slashdot-it.pl?op=discuss&amp;id=6635865&amp;smallembed=1"" style=""height: 300px; width: 100%; border: none;""></iframe><img width='1' height='1' src='http://slashdot.feedsportal.com/c/35028/f/647410/s/420728a8/sc/36/mf.gif' border='0'/><br clear='all'/><br/><br/><a href=""http://da.feedsportal.com/r/216443556503/u/49/f/647410/c/35028/s/420728a8/sc/36/rc/1/rc.htm"" rel=""nofollow""><img src=""http://da.feedsportal.com/r/216443556503/u/49/f/647410/c/35028/s/420728a8/sc/36/rc/1/rc.img"" border=""0""/></a><br/><a href=""http://da.feedsportal.com/r/216443556503/u/49/f/647410/c/35028/s/420728a8/sc/36/rc/2/rc.htm"" rel=""nofollow""><img src=""http://da.feedsportal.com/r/216443556503/u/49/f/647410/c/35028/s/420728a8/sc/36/rc/2/rc.img"" border=""0""/></a><br/><a href=""http://da.feedsportal.com/r/216443556503/u/49/f/647410/c/35028/s/420728a8/sc/36/rc/3/rc.htm"" rel=""nofollow""><img src=""http://da.feedsportal.com/r/216443556503/u/49/f/647410/c/35028/s/420728a8/sc/36/rc/3/rc.img"" border=""0""/></a><br/><br/><a href=""http://da.feedsportal.com/r/216443556503/u/49/f/647410/c/35028/s/420728a8/sc/36/a2.htm""><img src=""http://da.feedsportal.com/r/216443556503/u/49/f/647410/c/35028/s/420728a8/sc/36/a2.img"" border=""0""/></a><img width=""1"" height=""1"" src=""http://pi.feedsportal.com/r/216443556503/u/49/f/647410/c/35028/s/420728a8/sc/36/a2t.img"" border=""0""/><img src=""//feeds.feedburner.com/~r/Slashdot/slashdot/~4/TrI35MEWo5E"" height=""1"" width=""1"" alt=""""/>"
"With 1 Million Papers, Preprint Site Is Changing the Way Science Is Shared (Scientific American)",http://news.feedzilla.com/en_us/stories/science/413790560?client_source=api&format=json,"Researchers upload papers to arXiv before peer review for faster feedback


-- Read more on ScientificAmerican.com

"
Writers Say They Feel Censored By Surveillance,http://rss.slashdot.org/~r/Slashdot/slashdot/~3/y6gYQW8E9G4/story01.htm,"schwit1 writes with news about the impact of government surveillance on authors and their work worldwide . A survey of writers around the world by the PEN American Center has found that a significant majority said they were deeply concerned with government surveillance, with many reporting that they have avoided, or have considered avoiding, controversial topics in their work or in personal communications as a result. The findings show that writers consider freedom of expression to be under significant threat around the world in democratic and nondemocratic countries. Some 75 percent of respondents in countries classified as ""free,"" 84 percent in ""partly free"" countries, and 80 percent in countries that were ""not free"" said that they were ""very"" or ""somewhat"" worried about government surveillance in their countries. The survey, which will be released Monday, was conducted anonymously online in fall 2014 and yielded 772 responses from fiction and nonfiction writers and related professionals, including translators and editors, in 50 countries.<p><div class=""share_submission"" style=""position:relative;""> <a class=""slashpop"" href=""http://twitter.com/home?status=Writers+Say+They+Feel+Censored+By+Surveillance%3A+http%3A%2F%2Fbit.ly%2F1Ax1Tad""><img src=""http://a.fsdn.com/sd/twitter_icon_large.png""></a> <a class=""slashpop"" href=""http://www.facebook.com/sharer.php?u=http%3A%2F%2Fyro.slashdot.org%2Fstory%2F15%2F01%2F05%2F1445202%2Fwriters-say-they-feel-censored-by-surveillance%3Futm_source%3Dslashdot%26utm_medium%3Dfacebook""><img src=""http://a.fsdn.com/sd/facebook_icon_large.png""></a> <a class=""nobg"" href=""http://plus.google.com/share?url=http://yro.slashdot.org/story/15/01/05/1445202/writers-say-they-feel-censored-by-surveillance?utm_source=slashdot&amp;utm_medium=googleplus"" onclick=""javascript:window.open(this.href,'', 'menubar=no,toolbar=no,resizable=yes,scrollbars=yes,height=600,width=600');return false;""><img src=""http://www.gstatic.com/images/icons/gplus-16.png"" alt=""Share on Google+""/></a> </div></p><p><a href=""http://yro.slashdot.org/story/15/01/05/1445202/writers-say-they-feel-censored-by-surveillance?utm_source=rss1.0moreanon&amp;utm_medium=feed"">Read more of this story</a> at Slashdot.</p><iframe src=""http://slashdot.org/slashdot-it.pl?op=discuss&amp;id=6634599&amp;smallembed=1"" style=""height: 300px; width: 100%; border: none;""></iframe><img width='1' height='1' src='http://slashdot.feedsportal.com/c/35028/f/647410/s/42069bcd/sc/1/mf.gif' border='0'/><br clear='all'/><br/><br/><a href=""http://da.feedsportal.com/r/216443505850/u/49/f/647410/c/35028/s/42069bcd/sc/1/rc/1/rc.htm"" rel=""nofollow""><img src=""http://da.feedsportal.com/r/216443505850/u/49/f/647410/c/35028/s/42069bcd/sc/1/rc/1/rc.img"" border=""0""/></a><br/><a href=""http://da.feedsportal.com/r/216443505850/u/49/f/647410/c/35028/s/42069bcd/sc/1/rc/2/rc.htm"" rel=""nofollow""><img src=""http://da.feedsportal.com/r/216443505850/u/49/f/647410/c/35028/s/42069bcd/sc/1/rc/2/rc.img"" border=""0""/></a><br/><a href=""http://da.feedsportal.com/r/216443505850/u/49/f/647410/c/35028/s/42069bcd/sc/1/rc/3/rc.htm"" rel=""nofollow""><img src=""http://da.feedsportal.com/r/216443505850/u/49/f/647410/c/35028/s/42069bcd/sc/1/rc/3/rc.img"" border=""0""/></a><br/><br/><a href=""http://da.feedsportal.com/r/216443505850/u/49/f/647410/c/35028/s/42069bcd/sc/1/a2.htm""><img src=""http://da.feedsportal.com/r/216443505850/u/49/f/647410/c/35028/s/42069bcd/sc/1/a2.img"" border=""0""/></a><img width=""1"" height=""1"" src=""http://pi.feedsportal.com/r/216443505850/u/49/f/647410/c/35028/s/42069bcd/sc/1/a2t.img"" border=""0""/><img src=""//feeds.feedburner.com/~r/Slashdot/slashdot/~4/y6gYQW8E9G4"" height=""1"" width=""1"" alt=""""/>"
